Stratification,Group,N,Transformer Top-1 (%),Hybrid Top-1 (%),Gain (pp),95% CI low (pp),95% CI high (pp),Recovered,Harmed,McNemar p
Product size,Medium,1650,31.515151515151512,34.12121212121212,2.6060606060606064,1.8166666666666622,3.4545454545454546,47,4,2.4163071543625847e-10
Product size,Small,1663,43.235117257967524,45.64040889957907,2.4052916416115453,1.5634395670475032,3.3072760072158705,47,7,2.291864209524874e-08
Product size,Large,1440,22.84722222222222,24.930555555555557,2.0833333333333344,1.3194444444444453,2.9166666666666647,33,3,2.2721360437572002e-07
Reactant components,≥5 components,2464,32.18344155844156,34.33441558441558,2.1509740259740227,1.5827922077922052,2.759740259740262,57,4,4.85494457136415e-13
Reactant components,1–2 components,712,30.89887640449438,33.146067415730336,2.247191011235955,1.1235955056179803,3.51123595505618,17,1,0.00014495849609375
Reactant components,3–4 components,1577,35.19340519974635,37.983512999365885,2.7901077996195345,1.8389346861128752,3.741280913126188,53,9,1.0507232717140574e-08
Reaction-center size,1 RC atom,705,37.5886524822695,42.4113475177305,4.8226950354609945,3.120567375886524,6.524822695035465,38,4,5.65314621780999e-08
Reaction-center size,2 RC atoms,3506,34.711922418710785,36.96520250998289,2.253280091272103,1.711351968054764,2.7952082144894472,87,8,6.741612423029947e-18
Reaction-center size,≥3 RC atoms,542,15.867158671586715,15.867158671586715,0.0,-0.7380073800738018,0.7380073800738018,2,2,1.0
